Id,pred_fold0,pred_fold1,pred_fold2,pred_fold3,pred_fold4,pred_fold5,pred_fold6,pred_fold7,pred_fold8,pred_fold9
4128bae22183829d2b5fea10effdb0c3,0.37182617,0.45776367,0.36938477,0.34765625,0.43798828,0.3581543,0.45263672,0.38378906,0.46044922,0.5019531
43a2262d7738e3d420d453815151079e,0.37451172,0.46240234,0.37402344,0.34375,0.43774414,0.36645508,0.45581055,0.38232422,0.46777344,0.50439453
4e429cead1848a298432a0acad014c9d,0.37182617,0.45581055,0.35961914,0.34545898,0.44189453,0.35375977,0.43774414,0.37768555,0.45898438,0.50341797
80bc3ccafcc51b66303c2c263aa38486,0.37329102,0.4633789,0.37524414,0.3449707,0.43945312,0.36987305,0.4501953,0.37329102,0.4645996,0.5078125
8f49844c382931444e68dffbe20228f4,0.36157227,0.4501953,0.35986328,0.34301758,0.44311523,0.36157227,0.44677734,0.37573242,0.46240234,0.50146484
b03f7041962238a7c9d6537e22f9b017,0.36108398,0.45654297,0.36816406,0.33984375,0.42944336,0.36010742,0.44555664,0.37719727,0.46484375,0.4958496
c978013571258ed6d4637f6e8cc9d6a3,0.36401367,0.45874023,0.36206055,0.33740234,0.4375,0.3605957,0.44750977,0.3684082,0.45336914,0.49267578
e0de453c1bffc20c22b072b34b54e50f,0.37109375,0.45629883,0.36889648,0.33935547,0.4350586,0.36328125,0.44702148,0.3852539,0.46850586,0.5029297
