Id,pred_fold0,pred_fold1,pred_fold2,pred_fold3,pred_fold4,pred_fold5,pred_fold6,pred_fold7,pred_fold8,pred_fold9
4128bae22183829d2b5fea10effdb0c3,0.42504883,0.48950195,0.3515625,0.44213867,0.3347168,0.44091797,0.38427734,0.39770508,0.5517578,0.36450195
43a2262d7738e3d420d453815151079e,0.42993164,0.4892578,0.36572266,0.44262695,0.33984375,0.44799805,0.38867188,0.39941406,0.5385742,0.36401367
4e429cead1848a298432a0acad014c9d,0.42700195,0.49536133,0.3527832,0.43164062,0.33984375,0.45043945,0.390625,0.4008789,0.54833984,0.36254883
80bc3ccafcc51b66303c2c263aa38486,0.42529297,0.49169922,0.35083008,0.44360352,0.34765625,0.43530273,0.3869629,0.40356445,0.54248047,0.36450195
8f49844c382931444e68dffbe20228f4,0.42163086,0.4892578,0.34814453,0.4338379,0.3305664,0.43676758,0.38378906,0.39501953,0.55126953,0.35473633
b03f7041962238a7c9d6537e22f9b017,0.42529297,0.4892578,0.3544922,0.4333496,0.33154297,0.44384766,0.38256836,0.3918457,0.5419922,0.35131836
c978013571258ed6d4637f6e8cc9d6a3,0.42163086,0.48535156,0.3552246,0.4404297,0.3371582,0.43603516,0.3840332,0.3930664,0.5444336,0.3630371
e0de453c1bffc20c22b072b34b54e50f,0.41967773,0.49291992,0.34936523,0.4440918,0.33666992,0.44921875,0.3762207,0.3942871,0.54052734,0.3647461
