Id,pred_fold0,pred_fold1,pred_fold2,pred_fold3,pred_fold4,pred_fold5,pred_fold6,pred_fold7,pred_fold8,pred_fold9
4128bae22183829d2b5fea10effdb0c3,0.35546875,0.46191406,0.38916016,0.43579102,0.4855957,0.39501953,0.42749023,0.41308594,0.45141602,0.47094727
43a2262d7738e3d420d453815151079e,0.36108398,0.45922852,0.39111328,0.43554688,0.4946289,0.40112305,0.42456055,0.4169922,0.4477539,0.47460938
4e429cead1848a298432a0acad014c9d,0.3552246,0.45703125,0.37768555,0.43164062,0.49658203,0.39233398,0.42407227,0.41259766,0.4440918,0.47314453
80bc3ccafcc51b66303c2c263aa38486,0.36010742,0.46240234,0.39013672,0.44018555,0.49194336,0.40649414,0.4375,0.42138672,0.44726562,0.48339844
8f49844c382931444e68dffbe20228f4,0.3527832,0.45043945,0.39038086,0.43066406,0.5136719,0.4038086,0.41845703,0.41723633,0.44677734,0.46166992
b03f7041962238a7c9d6537e22f9b017,0.34643555,0.45263672,0.39282227,0.42871094,0.49853516,0.40063477,0.4194336,0.41601562,0.4423828,0.46728516
c978013571258ed6d4637f6e8cc9d6a3,0.3503418,0.46289062,0.39135742,0.43701172,0.4934082,0.40356445,0.42041016,0.41357422,0.4423828,0.46362305
e0de453c1bffc20c22b072b34b54e50f,0.35595703,0.46801758,0.39208984,0.43725586,0.49536133,0.39331055,0.43237305,0.4309082,0.46044922,0.4777832
