Id,pred_fold0,pred_fold1,pred_fold2,pred_fold3,pred_fold4,pred_fold5,pred_fold6,pred_fold7,pred_fold8,pred_fold9
4128bae22183829d2b5fea10effdb0c3,0.5908203,0.6459961,0.5073242,0.44604492,0.45385742,0.4584961,0.44604492,0.37573242,0.4338379,0.5073242
43a2262d7738e3d420d453815151079e,0.58935547,0.6582031,0.50634766,0.46435547,0.42382812,0.44018555,0.4375,0.3869629,0.42773438,0.50634766
4e429cead1848a298432a0acad014c9d,0.5864258,0.65771484,0.51416016,0.4519043,0.4206543,0.44995117,0.43530273,0.37158203,0.4182129,0.5004883
80bc3ccafcc51b66303c2c263aa38486,0.5942383,0.65771484,0.49267578,0.47265625,0.41552734,0.4411621,0.43798828,0.37890625,0.44433594,0.50927734
8f49844c382931444e68dffbe20228f4,0.5883789,0.6533203,0.51123047,0.46533203,0.4243164,0.43652344,0.4267578,0.38183594,0.44335938,0.49536133
b03f7041962238a7c9d6537e22f9b017,0.59765625,0.6489258,0.5053711,0.45410156,0.41992188,0.4411621,0.42089844,0.38598633,0.4169922,0.5078125
c978013571258ed6d4637f6e8cc9d6a3,0.60058594,0.65625,0.5292969,0.4741211,0.43237305,0.45751953,0.43408203,0.38305664,0.4243164,0.5253906
e0de453c1bffc20c22b072b34b54e50f,0.5859375,0.6586914,0.5078125,0.46044922,0.41674805,0.453125,0.43481445,0.37963867,0.42163086,0.50634766
