Id,pred_fold0,pred_fold1,pred_fold2,pred_fold3,pred_fold4,pred_fold5,pred_fold6,pred_fold7,pred_fold8,pred_fold9
4128bae22183829d2b5fea10effdb0c3,0.39624023,0.42871094,0.2878418,0.41577148,0.43579102,0.41186523,0.42895508,0.39770508,0.42285156,0.4243164
43a2262d7738e3d420d453815151079e,0.3955078,0.42797852,0.2836914,0.41577148,0.43579102,0.41259766,0.4255371,0.3959961,0.4230957,0.4230957
4e429cead1848a298432a0acad014c9d,0.3947754,0.42700195,0.28051758,0.4152832,0.43286133,0.40649414,0.42700195,0.3947754,0.42163086,0.42333984
80bc3ccafcc51b66303c2c263aa38486,0.39648438,0.42797852,0.28588867,0.4152832,0.4350586,0.40820312,0.42529297,0.39501953,0.42333984,0.42260742
8f49844c382931444e68dffbe20228f4,0.39794922,0.42700195,0.2800293,0.4152832,0.4338379,0.40576172,0.4272461,0.39404297,0.42163086,0.421875
b03f7041962238a7c9d6537e22f9b017,0.3959961,0.42626953,0.28637695,0.4165039,0.43579102,0.4074707,0.4260254,0.3955078,0.42211914,0.421875
c978013571258ed6d4637f6e8cc9d6a3,0.39526367,0.42749023,0.2824707,0.41503906,0.4350586,0.40893555,0.4243164,0.3959961,0.42163086,0.42285156
e0de453c1bffc20c22b072b34b54e50f,0.39624023,0.4272461,0.28979492,0.4152832,0.43701172,0.41333008,0.42749023,0.39624023,0.42529297,0.42260742
