Id,pred_fold0,pred_fold1,pred_fold2,pred_fold3,pred_fold4,pred_fold5,pred_fold6,pred_fold7,pred_fold8,pred_fold9
4128bae22183829d2b5fea10effdb0c3,0.3857422,0.5209961,0.39331055,0.4345703,0.35791016,0.45385742,0.36108398,0.36987305,0.5175781,0.3791504
43a2262d7738e3d420d453815151079e,0.39526367,0.52001953,0.40722656,0.43896484,0.37036133,0.45092773,0.3701172,0.37231445,0.50097656,0.3762207
4e429cead1848a298432a0acad014c9d,0.38208008,0.5283203,0.39697266,0.42944336,0.3720703,0.45336914,0.36669922,0.36328125,0.51464844,0.37719727
80bc3ccafcc51b66303c2c263aa38486,0.3815918,0.5234375,0.3935547,0.4399414,0.3779297,0.44580078,0.36694336,0.37426758,0.5073242,0.37597656
8f49844c382931444e68dffbe20228f4,0.38378906,0.5263672,0.38891602,0.43066406,0.36694336,0.45214844,0.35766602,0.36669922,0.5126953,0.3684082
b03f7041962238a7c9d6537e22f9b017,0.3857422,0.52246094,0.38989258,0.42651367,0.36108398,0.45458984,0.36083984,0.36669922,0.50683594,0.36669922
c978013571258ed6d4637f6e8cc9d6a3,0.37670898,0.52001953,0.38989258,0.4362793,0.3696289,0.4501953,0.35742188,0.36401367,0.5078125,0.37451172
e0de453c1bffc20c22b072b34b54e50f,0.38232422,0.52685547,0.39111328,0.43896484,0.3635254,0.45996094,0.3552246,0.3684082,0.49951172,0.37768555
