Id,pred_fold0,pred_fold1,pred_fold2,pred_fold3,pred_fold4,pred_fold5,pred_fold6,pred_fold7,pred_fold8,pred_fold9
4128bae22183829d2b5fea10effdb0c3,0.4255371,0.48999023,0.41210938,0.42114258,0.42236328,0.4375,0.39892578,0.42504883,0.5410156,0.40234375
43a2262d7738e3d420d453815151079e,0.42626953,0.48950195,0.4243164,0.42333984,0.43237305,0.44262695,0.41748047,0.43017578,0.5288086,0.40454102
4e429cead1848a298432a0acad014c9d,0.4128418,0.49194336,0.4189453,0.42138672,0.4152832,0.4416504,0.40673828,0.41723633,0.54296875,0.40966797
80bc3ccafcc51b66303c2c263aa38486,0.42333984,0.4975586,0.42333984,0.42993164,0.43530273,0.4489746,0.39575195,0.44091797,0.5415039,0.40307617
8f49844c382931444e68dffbe20228f4,0.41577148,0.49609375,0.41796875,0.41577148,0.42626953,0.4350586,0.39794922,0.43725586,0.5517578,0.39038086
b03f7041962238a7c9d6537e22f9b017,0.42041016,0.49145508,0.4194336,0.4206543,0.4284668,0.45092773,0.40478516,0.4248047,0.54296875,0.39624023
c978013571258ed6d4637f6e8cc9d6a3,0.42114258,0.49560547,0.42114258,0.42285156,0.42822266,0.43530273,0.40112305,0.42919922,0.54052734,0.4050293
e0de453c1bffc20c22b072b34b54e50f,0.42651367,0.4921875,0.42358398,0.4326172,0.4116211,0.4423828,0.40014648,0.43041992,0.54345703,0.4074707
