Id,pred_fold0,pred_fold1,pred_fold2,pred_fold3,pred_fold4,pred_fold5,pred_fold6,pred_fold7,pred_fold8,pred_fold9
4128bae22183829d2b5fea10effdb0c3,0.3984375,0.5209961,0.40039062,0.40966797,0.37426758,0.4675293,0.41674805,0.4489746,0.52246094,0.42333984
43a2262d7738e3d420d453815151079e,0.3996582,0.5185547,0.40429688,0.40722656,0.38085938,0.4711914,0.42797852,0.45654297,0.51123047,0.42749023
4e429cead1848a298432a0acad014c9d,0.39038086,0.52978516,0.39672852,0.40039062,0.38330078,0.46948242,0.42163086,0.4555664,0.5185547,0.42504883
80bc3ccafcc51b66303c2c263aa38486,0.3955078,0.52734375,0.39453125,0.40966797,0.38964844,0.46020508,0.4152832,0.45703125,0.5151367,0.42651367
8f49844c382931444e68dffbe20228f4,0.39111328,0.52441406,0.39282227,0.40112305,0.37426758,0.46484375,0.41259766,0.45483398,0.5205078,0.41674805
b03f7041962238a7c9d6537e22f9b017,0.3984375,0.52246094,0.39990234,0.40112305,0.375,0.46777344,0.41625977,0.45288086,0.5180664,0.4189453
c978013571258ed6d4637f6e8cc9d6a3,0.3881836,0.5185547,0.3955078,0.40405273,0.3840332,0.46191406,0.41357422,0.44384766,0.5126953,0.42773438
e0de453c1bffc20c22b072b34b54e50f,0.39208984,0.52441406,0.39453125,0.41137695,0.37768555,0.47460938,0.41381836,0.44555664,0.5151367,0.42895508
