Id,pred_fold0,pred_fold1,pred_fold2,pred_fold3,pred_fold4,pred_fold5,pred_fold6,pred_fold7,pred_fold8,pred_fold9
4128bae22183829d2b5fea10effdb0c3,0.39819336,0.52197266,0.39575195,0.41625977,0.38427734,0.47851562,0.40673828,0.45288086,0.5341797,0.4152832
43a2262d7738e3d420d453815151079e,0.40454102,0.5180664,0.4020996,0.41748047,0.39038086,0.4765625,0.41796875,0.4567871,0.5234375,0.42016602
4e429cead1848a298432a0acad014c9d,0.39624023,0.52783203,0.39257812,0.4091797,0.38842773,0.47509766,0.40966797,0.4560547,0.53222656,0.41870117
80bc3ccafcc51b66303c2c263aa38486,0.39819336,0.5258789,0.3935547,0.4169922,0.39233398,0.4675293,0.40478516,0.4580078,0.52734375,0.41845703
8f49844c382931444e68dffbe20228f4,0.39257812,0.5234375,0.38916016,0.4104004,0.38208008,0.47216797,0.40600586,0.45654297,0.5332031,0.40698242
b03f7041962238a7c9d6537e22f9b017,0.39648438,0.5214844,0.39331055,0.41088867,0.38208008,0.47387695,0.40844727,0.45239258,0.5283203,0.40795898
c978013571258ed6d4637f6e8cc9d6a3,0.3881836,0.5180664,0.39208984,0.41088867,0.390625,0.4716797,0.40454102,0.44580078,0.5253906,0.41674805
e0de453c1bffc20c22b072b34b54e50f,0.39624023,0.52197266,0.38989258,0.42089844,0.3852539,0.4819336,0.40527344,0.44580078,0.52734375,0.4206543
