Id,pred_fold0,pred_fold1,pred_fold2,pred_fold3,pred_fold4,pred_fold5,pred_fold6,pred_fold7,pred_fold8,pred_fold9
4128bae22183829d2b5fea10effdb0c3,0.3725586,0.48828125,0.4128418,0.4165039,0.36108398,0.4350586,0.37182617,0.40673828,0.5180664,0.40576172
43a2262d7738e3d420d453815151079e,0.37524414,0.48901367,0.42041016,0.41455078,0.36914062,0.43920898,0.37890625,0.4086914,0.5078125,0.40063477
4e429cead1848a298432a0acad014c9d,0.36621094,0.5004883,0.41210938,0.41235352,0.3684082,0.44335938,0.37646484,0.40454102,0.5180664,0.39990234
80bc3ccafcc51b66303c2c263aa38486,0.3684082,0.49291992,0.41015625,0.4169922,0.37841797,0.42626953,0.37475586,0.40942383,0.515625,0.40234375
8f49844c382931444e68dffbe20228f4,0.36816406,0.49267578,0.40795898,0.4116211,0.36132812,0.43408203,0.3630371,0.40307617,0.52197266,0.39013672
b03f7041962238a7c9d6537e22f9b017,0.36865234,0.48901367,0.4074707,0.40771484,0.36083984,0.44091797,0.37304688,0.39868164,0.5126953,0.3894043
c978013571258ed6d4637f6e8cc9d6a3,0.3618164,0.48535156,0.4116211,0.41430664,0.3696289,0.43164062,0.3701172,0.4020996,0.5151367,0.40014648
e0de453c1bffc20c22b072b34b54e50f,0.3725586,0.49267578,0.40942383,0.4194336,0.36376953,0.44482422,0.3671875,0.4050293,0.51416016,0.40551758
