Id,pred_fold0,pred_fold1,pred_fold2,pred_fold3,pred_fold4,pred_fold5,pred_fold6,pred_fold7,pred_fold8,pred_fold9
4128bae22183829d2b5fea10effdb0c3,0.3708496,0.48168945,0.42138672,0.453125,0.3725586,0.43017578,0.35131836,0.39794922,0.51953125,0.4411621
43a2262d7738e3d420d453815151079e,0.37817383,0.4794922,0.4333496,0.4580078,0.39038086,0.4345703,0.36083984,0.39672852,0.5048828,0.43823242
4e429cead1848a298432a0acad014c9d,0.3647461,0.4765625,0.42749023,0.45117188,0.3876953,0.43725586,0.35327148,0.39257812,0.5175781,0.43139648
80bc3ccafcc51b66303c2c263aa38486,0.36767578,0.48583984,0.42114258,0.46142578,0.38623047,0.41577148,0.35498047,0.40112305,0.5107422,0.43920898
8f49844c382931444e68dffbe20228f4,0.36376953,0.47460938,0.42285156,0.4501953,0.3791504,0.4248047,0.3503418,0.3955078,0.51660156,0.42578125
b03f7041962238a7c9d6537e22f9b017,0.37597656,0.48583984,0.42163086,0.44677734,0.38110352,0.43676758,0.35253906,0.39233398,0.50341797,0.42944336
c978013571258ed6d4637f6e8cc9d6a3,0.3642578,0.46826172,0.42041016,0.45581055,0.38427734,0.42504883,0.34765625,0.3869629,0.50390625,0.43237305
e0de453c1bffc20c22b072b34b54e50f,0.3684082,0.4897461,0.41918945,0.46264648,0.37646484,0.43774414,0.34375,0.39379883,0.50341797,0.44311523
