Id,pred_fold0,pred_fold1,pred_fold2,pred_fold3,pred_fold4,pred_fold5,pred_fold6,pred_fold7,pred_fold8,pred_fold9
4128bae22183829d2b5fea10effdb0c3,0.3779297,0.51123047,0.38989258,0.4104004,0.37817383,0.47021484,0.3815918,0.39746094,0.5595703,0.36523438
43a2262d7738e3d420d453815151079e,0.38427734,0.5078125,0.4020996,0.4116211,0.38208008,0.47436523,0.38012695,0.39916992,0.54833984,0.36376953
4e429cead1848a298432a0acad014c9d,0.3713379,0.5180664,0.38989258,0.40185547,0.37719727,0.46850586,0.38061523,0.39648438,0.56103516,0.36328125
80bc3ccafcc51b66303c2c263aa38486,0.37060547,0.51171875,0.38452148,0.41503906,0.39331055,0.45703125,0.3803711,0.40478516,0.55322266,0.36669922
8f49844c382931444e68dffbe20228f4,0.36914062,0.51123047,0.38330078,0.4025879,0.37573242,0.46948242,0.3725586,0.39453125,0.5541992,0.34960938
b03f7041962238a7c9d6537e22f9b017,0.37646484,0.5078125,0.39013672,0.40185547,0.3779297,0.47485352,0.37646484,0.3959961,0.54833984,0.35009766
c978013571258ed6d4637f6e8cc9d6a3,0.37109375,0.5058594,0.3894043,0.41064453,0.38842773,0.46606445,0.3720703,0.3942871,0.55371094,0.359375
e0de453c1bffc20c22b072b34b54e50f,0.36816406,0.5126953,0.38183594,0.41479492,0.37890625,0.47705078,0.36889648,0.3935547,0.5444336,0.36621094
