Id,pred_fold0,pred_fold1,pred_fold2,pred_fold3,pred_fold4,pred_fold5,pred_fold6,pred_fold7,pred_fold8,pred_fold9
4128bae22183829d2b5fea10effdb0c3,0.5234375,0.50097656,0.35766602,0.4013672,0.47558594,0.56347656,0.40429688,0.42651367,0.34106445,0.43481445
43a2262d7738e3d420d453815151079e,0.51171875,0.48364258,0.35668945,0.39794922,0.46899414,0.5678711,0.4086914,0.4169922,0.36132812,0.44091797
4e429cead1848a298432a0acad014c9d,0.5180664,0.47753906,0.37329102,0.4177246,0.47973633,0.5683594,0.41210938,0.4182129,0.35327148,0.45410156
80bc3ccafcc51b66303c2c263aa38486,0.5209961,0.47680664,0.3540039,0.40161133,0.46777344,0.5683594,0.40966797,0.40649414,0.34326172,0.4572754
8f49844c382931444e68dffbe20228f4,0.5185547,0.4897461,0.36010742,0.4230957,0.4970703,0.5751953,0.40844727,0.4206543,0.3449707,0.4609375
b03f7041962238a7c9d6537e22f9b017,0.50097656,0.484375,0.36572266,0.41235352,0.49853516,0.5722656,0.40014648,0.40649414,0.33764648,0.44213867
c978013571258ed6d4637f6e8cc9d6a3,0.51171875,0.4807129,0.36523438,0.40527344,0.48779297,0.5698242,0.42163086,0.40844727,0.35131836,0.45166016
e0de453c1bffc20c22b072b34b54e50f,0.51464844,0.4921875,0.36572266,0.4086914,0.49121094,0.5673828,0.40795898,0.4169922,0.35888672,0.46557617
