Id,pred_fold0,pred_fold1,pred_fold2,pred_fold3,pred_fold4,pred_fold5,pred_fold6,pred_fold7,pred_fold8,pred_fold9
4128bae22183829d2b5fea10effdb0c3,0.45874023,0.4711914,0.4716797,0.3791504,0.4404297,0.46533203,0.47998047,0.4716797,0.4489746,0.43701172
43a2262d7738e3d420d453815151079e,0.4543457,0.45922852,0.45629883,0.3798828,0.43408203,0.4675293,0.47729492,0.4645996,0.44213867,0.43652344
4e429cead1848a298432a0acad014c9d,0.4609375,0.46557617,0.46118164,0.38305664,0.4465332,0.46289062,0.4880371,0.47705078,0.44189453,0.43701172
80bc3ccafcc51b66303c2c263aa38486,0.4494629,0.46679688,0.4638672,0.37353516,0.44189453,0.46411133,0.48364258,0.46948242,0.43481445,0.43115234
8f49844c382931444e68dffbe20228f4,0.43579102,0.4489746,0.44995117,0.35913086,0.42285156,0.453125,0.46899414,0.44995117,0.42456055,0.41674805
b03f7041962238a7c9d6537e22f9b017,0.4404297,0.45507812,0.4501953,0.36279297,0.42944336,0.45703125,0.4753418,0.4609375,0.42944336,0.42358398
c978013571258ed6d4637f6e8cc9d6a3,0.4506836,0.45410156,0.45092773,0.3708496,0.43920898,0.46411133,0.48364258,0.47265625,0.4326172,0.43164062
e0de453c1bffc20c22b072b34b54e50f,0.4465332,0.46020508,0.4482422,0.37304688,0.43798828,0.46728516,0.48535156,0.46655273,0.4284668,0.42797852
