Id,pred_fold0,pred_fold1,pred_fold2,pred_fold3,pred_fold4,pred_fold5,pred_fold6,pred_fold7,pred_fold8,pred_fold9
4128bae22183829d2b5fea10effdb0c3,0.37231445,0.49853516,0.40014648,0.4152832,0.3623047,0.48046875,0.3671875,0.40893555,0.5864258,0.38208008
43a2262d7738e3d420d453815151079e,0.37573242,0.4951172,0.41455078,0.4152832,0.36767578,0.47973633,0.3737793,0.41259766,0.5703125,0.3798828
4e429cead1848a298432a0acad014c9d,0.36645508,0.5024414,0.40454102,0.40625,0.3659668,0.4753418,0.37353516,0.40844727,0.5864258,0.37890625
80bc3ccafcc51b66303c2c263aa38486,0.37036133,0.50146484,0.40063477,0.4182129,0.3713379,0.46777344,0.36889648,0.41577148,0.5786133,0.38330078
8f49844c382931444e68dffbe20228f4,0.37109375,0.49926758,0.39746094,0.40649414,0.35888672,0.47460938,0.36206055,0.40771484,0.58447266,0.36743164
b03f7041962238a7c9d6537e22f9b017,0.36865234,0.49487305,0.4033203,0.40283203,0.3544922,0.47973633,0.36914062,0.40942383,0.57470703,0.36816406
c978013571258ed6d4637f6e8cc9d6a3,0.3618164,0.49609375,0.39892578,0.4128418,0.3635254,0.47509766,0.36572266,0.40625,0.58154297,0.37670898
e0de453c1bffc20c22b072b34b54e50f,0.36987305,0.5019531,0.4020996,0.41845703,0.3605957,0.4855957,0.3642578,0.40356445,0.5722656,0.38330078
