Id,pred_fold0,pred_fold1,pred_fold2,pred_fold3,pred_fold4,pred_fold5,pred_fold6,pred_fold7,pred_fold8,pred_fold9
4128bae22183829d2b5fea10effdb0c3,0.39086914,0.47680664,0.39038086,0.41333008,0.35668945,0.47509766,0.37573242,0.42041016,0.5366211,0.3701172
43a2262d7738e3d420d453815151079e,0.39526367,0.47802734,0.40551758,0.4116211,0.3605957,0.47631836,0.37329102,0.41992188,0.5332031,0.37109375
4e429cead1848a298432a0acad014c9d,0.38305664,0.48510742,0.38989258,0.40185547,0.36010742,0.47509766,0.3791504,0.41503906,0.54052734,0.3720703
80bc3ccafcc51b66303c2c263aa38486,0.3840332,0.48095703,0.3881836,0.41503906,0.3696289,0.47070312,0.38061523,0.42260742,0.5336914,0.37548828
8f49844c382931444e68dffbe20228f4,0.38427734,0.47973633,0.38989258,0.4025879,0.35107422,0.47216797,0.3684082,0.41381836,0.54003906,0.36132812
b03f7041962238a7c9d6537e22f9b017,0.38891602,0.47509766,0.3930664,0.40844727,0.35302734,0.47607422,0.37158203,0.4165039,0.5385742,0.3635254
c978013571258ed6d4637f6e8cc9d6a3,0.3791504,0.47436523,0.3918457,0.4091797,0.36010742,0.46899414,0.36547852,0.42016602,0.5366211,0.37475586
e0de453c1bffc20c22b072b34b54e50f,0.38745117,0.48535156,0.39233398,0.41577148,0.35498047,0.4794922,0.3647461,0.41333008,0.5307617,0.37451172
