Id,pred_fold0,pred_fold1,pred_fold2,pred_fold3,pred_fold4,pred_fold5,pred_fold6,pred_fold7,pred_fold8,pred_fold9
4128bae22183829d2b5fea10effdb0c3,0.3762207,0.5205078,0.41357422,0.43017578,0.37182617,0.45166016,0.36206055,0.43017578,0.5620117,0.37939453
43a2262d7738e3d420d453815151079e,0.37939453,0.51464844,0.41723633,0.43164062,0.36987305,0.45898438,0.375,0.43139648,0.55615234,0.37646484
4e429cead1848a298432a0acad014c9d,0.3708496,0.5209961,0.40844727,0.42260742,0.3696289,0.45043945,0.37036133,0.42700195,0.56347656,0.37670898
80bc3ccafcc51b66303c2c263aa38486,0.37182617,0.51953125,0.40966797,0.4350586,0.38012695,0.43823242,0.37036133,0.43676758,0.55566406,0.3798828
8f49844c382931444e68dffbe20228f4,0.3713379,0.5185547,0.40698242,0.42749023,0.36523438,0.44848633,0.36132812,0.42944336,0.56152344,0.3701172
b03f7041962238a7c9d6537e22f9b017,0.37158203,0.5185547,0.40820312,0.42407227,0.36376953,0.45166016,0.36889648,0.43139648,0.55615234,0.36694336
c978013571258ed6d4637f6e8cc9d6a3,0.36547852,0.515625,0.4086914,0.4326172,0.37402344,0.44628906,0.36157227,0.42749023,0.5600586,0.37670898
e0de453c1bffc20c22b072b34b54e50f,0.37036133,0.5234375,0.40844727,0.43676758,0.36523438,0.45996094,0.359375,0.42504883,0.55078125,0.38012695
