Id,pred_fold0,pred_fold1,pred_fold2,pred_fold3,pred_fold4,pred_fold5,pred_fold6,pred_fold7,pred_fold8,pred_fold9
4128bae22183829d2b5fea10effdb0c3,0.39672852,0.46020508,0.49804688,0.44360352,0.45532227,0.49560547,0.42993164,0.4880371,0.46728516,0.38549805
43a2262d7738e3d420d453815151079e,0.39770508,0.46850586,0.49804688,0.45214844,0.453125,0.4885254,0.42016602,0.49536133,0.47705078,0.39111328
4e429cead1848a298432a0acad014c9d,0.3876953,0.46801758,0.50146484,0.4440918,0.45898438,0.48461914,0.41552734,0.49316406,0.47558594,0.3762207
80bc3ccafcc51b66303c2c263aa38486,0.39160156,0.46191406,0.4970703,0.44482422,0.44580078,0.48339844,0.42382812,0.4921875,0.47753906,0.3828125
8f49844c382931444e68dffbe20228f4,0.38427734,0.45898438,0.5,0.43725586,0.45654297,0.48388672,0.41186523,0.49121094,0.46826172,0.38085938
b03f7041962238a7c9d6537e22f9b017,0.39916992,0.45898438,0.49145508,0.43701172,0.44970703,0.4892578,0.42163086,0.47802734,0.4729004,0.39160156
c978013571258ed6d4637f6e8cc9d6a3,0.3918457,0.46166992,0.4970703,0.4399414,0.4519043,0.48461914,0.4255371,0.49047852,0.4645996,0.38354492
e0de453c1bffc20c22b072b34b54e50f,0.39453125,0.45751953,0.49975586,0.44628906,0.4489746,0.48901367,0.42919922,0.48413086,0.4753418,0.38476562
