Id,pred_fold0,pred_fold1,pred_fold2,pred_fold3,pred_fold4,pred_fold5,pred_fold6,pred_fold7,pred_fold8,pred_fold9
4128bae22183829d2b5fea10effdb0c3,0.33789062,0.44018555,0.38378906,0.36767578,0.46533203,0.3828125,0.41601562,0.38720703,0.40600586,0.48999023
43a2262d7738e3d420d453815151079e,0.34179688,0.44360352,0.38989258,0.36083984,0.46533203,0.39331055,0.41577148,0.3930664,0.41259766,0.49853516
4e429cead1848a298432a0acad014c9d,0.3395996,0.43408203,0.37231445,0.3696289,0.46679688,0.3774414,0.4116211,0.3869629,0.40014648,0.484375
80bc3ccafcc51b66303c2c263aa38486,0.34301758,0.44458008,0.38452148,0.36669922,0.47045898,0.38720703,0.41455078,0.3725586,0.40673828,0.49438477
8f49844c382931444e68dffbe20228f4,0.32861328,0.43530273,0.37426758,0.3635254,0.4711914,0.37890625,0.41601562,0.36987305,0.3996582,0.49389648
b03f7041962238a7c9d6537e22f9b017,0.32739258,0.42773438,0.37963867,0.35668945,0.4621582,0.37719727,0.4182129,0.38378906,0.3996582,0.48120117
c978013571258ed6d4637f6e8cc9d6a3,0.33129883,0.43676758,0.3737793,0.34960938,0.46142578,0.38085938,0.41259766,0.36547852,0.39257812,0.47436523
e0de453c1bffc20c22b072b34b54e50f,0.33496094,0.43481445,0.38549805,0.3581543,0.46777344,0.38012695,0.4091797,0.38110352,0.4074707,0.4975586
