Id,pred_fold0,pred_fold1,pred_fold2,pred_fold3,pred_fold4,pred_fold5,pred_fold6,pred_fold7,pred_fold8,pred_fold9
4128bae22183829d2b5fea10effdb0c3,0.32421875,0.44921875,0.4013672,0.35791016,0.48510742,0.36816406,0.4038086,0.3815918,0.3840332,0.44604492
43a2262d7738e3d420d453815151079e,0.32714844,0.45288086,0.39501953,0.35205078,0.47607422,0.37426758,0.41064453,0.3815918,0.3864746,0.45410156
4e429cead1848a298432a0acad014c9d,0.32348633,0.4404297,0.37695312,0.3515625,0.49414062,0.3515625,0.39916992,0.37231445,0.37695312,0.44262695
80bc3ccafcc51b66303c2c263aa38486,0.33007812,0.44628906,0.3972168,0.3623047,0.49243164,0.37353516,0.40429688,0.36499023,0.3840332,0.44433594
8f49844c382931444e68dffbe20228f4,0.3190918,0.44848633,0.38989258,0.35375977,0.49023438,0.3642578,0.4033203,0.37426758,0.37158203,0.42797852
b03f7041962238a7c9d6537e22f9b017,0.31518555,0.4350586,0.4038086,0.34375,0.4897461,0.3647461,0.3955078,0.38085938,0.38354492,0.44262695
c978013571258ed6d4637f6e8cc9d6a3,0.32128906,0.4506836,0.38891602,0.3400879,0.4753418,0.3618164,0.40112305,0.36767578,0.37646484,0.42333984
e0de453c1bffc20c22b072b34b54e50f,0.32666016,0.45361328,0.39916992,0.34375,0.49536133,0.37182617,0.3984375,0.38110352,0.38891602,0.44384766
