Id,pred_fold0,pred_fold1,pred_fold2,pred_fold3,pred_fold4,pred_fold5,pred_fold6,pred_fold7,pred_fold8,pred_fold9
4128bae22183829d2b5fea10effdb0c3,0.38085938,0.4345703,0.41210938,0.35913086,0.45043945,0.3552246,0.41333008,0.40014648,0.36401367,0.46606445
43a2262d7738e3d420d453815151079e,0.38720703,0.43725586,0.4140625,0.35913086,0.45239258,0.3623047,0.41381836,0.39892578,0.37158203,0.47216797
4e429cead1848a298432a0acad014c9d,0.3803711,0.421875,0.39990234,0.35864258,0.4597168,0.35083008,0.41308594,0.39794922,0.35668945,0.46923828
80bc3ccafcc51b66303c2c263aa38486,0.38867188,0.4309082,0.41333008,0.35595703,0.44580078,0.36499023,0.41577148,0.39086914,0.3659668,0.46484375
8f49844c382931444e68dffbe20228f4,0.37719727,0.43017578,0.40234375,0.35131836,0.4567871,0.35424805,0.40966797,0.3942871,0.35766602,0.46679688
b03f7041962238a7c9d6537e22f9b017,0.3828125,0.4333496,0.41308594,0.3552246,0.44506836,0.3491211,0.4128418,0.39575195,0.35791016,0.45996094
c978013571258ed6d4637f6e8cc9d6a3,0.38842773,0.43237305,0.40478516,0.3557129,0.44726562,0.3503418,0.40966797,0.38842773,0.34936523,0.4543457
e0de453c1bffc20c22b072b34b54e50f,0.38891602,0.44384766,0.41235352,0.35009766,0.45141602,0.35253906,0.41015625,0.40234375,0.3671875,0.46923828
