Id,pred_fold0,pred_fold1,pred_fold2,pred_fold3,pred_fold4,pred_fold5,pred_fold6,pred_fold7,pred_fold8,pred_fold9
4128bae22183829d2b5fea10effdb0c3,0.38452148,0.39672852,0.35302734,0.3725586,0.4091797,0.3737793,0.42138672,0.42016602,0.41015625,0.4111328
43a2262d7738e3d420d453815151079e,0.3815918,0.3947754,0.36157227,0.38427734,0.41918945,0.3642578,0.4345703,0.4189453,0.41845703,0.40600586
4e429cead1848a298432a0acad014c9d,0.3840332,0.3996582,0.35791016,0.37329102,0.41601562,0.36987305,0.43432617,0.41259766,0.40625,0.39404297
80bc3ccafcc51b66303c2c263aa38486,0.38134766,0.39013672,0.35498047,0.36791992,0.4194336,0.37817383,0.42700195,0.42089844,0.42114258,0.40966797
8f49844c382931444e68dffbe20228f4,0.38549805,0.4013672,0.36743164,0.38598633,0.42211914,0.3708496,0.4272461,0.4177246,0.42016602,0.40527344
b03f7041962238a7c9d6537e22f9b017,0.38500977,0.40600586,0.36938477,0.3869629,0.42138672,0.36987305,0.43774414,0.41259766,0.4091797,0.41186523
c978013571258ed6d4637f6e8cc9d6a3,0.38110352,0.39013672,0.3540039,0.37451172,0.41430664,0.36254883,0.4206543,0.40625,0.40820312,0.40234375
e0de453c1bffc20c22b072b34b54e50f,0.40429688,0.40625,0.37524414,0.39892578,0.42456055,0.37768555,0.43945312,0.42626953,0.42822266,0.41870117
