Id,pred_fold0,pred_fold1,pred_fold2,pred_fold3,pred_fold4,pred_fold5,pred_fold6,pred_fold7,pred_fold8,pred_fold9
4128bae22183829d2b5fea10effdb0c3,0.40283203,0.5205078,0.32006836,0.49438477,0.43041992,0.57177734,0.32592773,0.43579102,0.5493164,0.45654297
43a2262d7738e3d420d453815151079e,0.40600586,0.50683594,0.30371094,0.4987793,0.453125,0.5625,0.33447266,0.4650879,0.5522461,0.47705078
4e429cead1848a298432a0acad014c9d,0.40551758,0.52734375,0.3017578,0.50146484,0.43652344,0.5600586,0.33496094,0.4543457,0.56152344,0.46801758
80bc3ccafcc51b66303c2c263aa38486,0.41748047,0.52197266,0.3203125,0.50146484,0.42626953,0.56152344,0.3269043,0.45532227,0.5488281,0.47802734
8f49844c382931444e68dffbe20228f4,0.4189453,0.5209961,0.31201172,0.50634766,0.43554688,0.56152344,0.32299805,0.44970703,0.54785156,0.46923828
b03f7041962238a7c9d6537e22f9b017,0.40234375,0.5288086,0.32641602,0.49780273,0.44189453,0.5722656,0.31347656,0.43945312,0.54833984,0.47265625
c978013571258ed6d4637f6e8cc9d6a3,0.42333984,0.54589844,0.32885742,0.4921875,0.44873047,0.5625,0.32958984,0.46313477,0.5703125,0.47607422
e0de453c1bffc20c22b072b34b54e50f,0.41479492,0.5175781,0.3083496,0.50878906,0.43432617,0.5629883,0.3161621,0.4560547,0.55126953,0.46411133
