Id,pred_fold0,pred_fold1,pred_fold2,pred_fold3,pred_fold4,pred_fold5,pred_fold6,pred_fold7,pred_fold8,pred_fold9
4128bae22183829d2b5fea10effdb0c3,0.37963867,0.43579102,0.38671875,0.33862305,0.48095703,0.3828125,0.42993164,0.35717773,0.3552246,0.43530273
43a2262d7738e3d420d453815151079e,0.3864746,0.43798828,0.39233398,0.3383789,0.47070312,0.38916016,0.4309082,0.3569336,0.3659668,0.44189453
4e429cead1848a298432a0acad014c9d,0.38500977,0.42773438,0.37573242,0.34277344,0.48046875,0.37695312,0.4230957,0.35253906,0.3552246,0.43139648
80bc3ccafcc51b66303c2c263aa38486,0.39111328,0.43359375,0.3930664,0.3408203,0.48608398,0.38793945,0.4255371,0.34716797,0.3630371,0.43774414
8f49844c382931444e68dffbe20228f4,0.3713379,0.4255371,0.3828125,0.33203125,0.48583984,0.38354492,0.4177246,0.34472656,0.3544922,0.43164062
b03f7041962238a7c9d6537e22f9b017,0.3720703,0.4206543,0.3876953,0.32788086,0.4729004,0.38183594,0.41992188,0.35180664,0.36108398,0.42871094
c978013571258ed6d4637f6e8cc9d6a3,0.37670898,0.43115234,0.38061523,0.32788086,0.46850586,0.37841797,0.42089844,0.3425293,0.35253906,0.42016602
e0de453c1bffc20c22b072b34b54e50f,0.38549805,0.43115234,0.38549805,0.3256836,0.48291016,0.38305664,0.42138672,0.35498047,0.36401367,0.43188477
